pais_id,pais_nombre
013,Afganistán
015,"Aland, Islas"
017,Albania
023,Alemania
024,Antártica
025,"Alemania, República Democrática"
026,Armenia
027,Aruba
029,Bosnia y Herzegovina
031,Burkina Faso
037,Andorra
040,Angola
041,Anguila
043,Antigua y Barbuda
047,Antillas Holandesas
053,Arabia Saudita
059,Argelia
063,Argentina
069,Australia
072,Austria
074,Azerbaiyán
077,Bahamas
080,Bahrein
081,Bangla Desh
083,Barbados
087,Bélgica
088,Belice
090,Bermuda
091,Belarusia
093,Myanmar
097,Bolivia
098,"Bonaire, San Eustatios y Saba"
100,"Bonaire, Isla"
101,Botswana
102,"Bouvet, Isla"
105,Brasil
108,Brunei Darussalam
111,Bulgaria
115,Burundi
119,Bután
127,Cabo Verde
129,ZFP Zofrandina
130,ZFPE Colmotores
131,ZFPE Tablemac MDF
132,ZFPE Fundación Cardiovascular
133,ZFPE Aceites cimarrones
134,ZFPE Puerto Brisa
135,ZFPE Clínica Cardiovascular Corazón Joven
137,"Caimán, Islas"
141,Camboya
145,Camerún
149,Canadá
155,"Anglonormandas, Islas"
156,Ceilán
157,"Cantón y Enderburry, Islas"
159,Santa Sede
165,"Cocos (Keeling), Islas"
169,Colombia
173,Comoras
177,Congo
183,"Cook, Islas"
187,"Corea, República Democrática "
190,Corea
193,Costa de Marfil
196,Costa Rica
198,Croacia
199,Cuba
200,"Curazao, Isla"
203,Chad
207,Checoslovaquia
211,Chile
215,China
218,"Taiwán, Provincia de China"
221,Chipre
229,Benin
232,Dinamarca
235,Dominica
239,Ecuador
240,Egipto
242,El Salvador
243,Eritrea
244,Emiratos Árabes Unidos
245,España
246,Eslovaquia
247,Eslovenia
249,Estados Unidos
251,Estonia
253,Etiopia
259,"Feroe, Islas"
267,Filipinas
271,Finlandia
275,Francia
281,Gabón
285,Gambia
287,Georgia
289,Ghana
293,Gibraltar
297,Granada
301,Grecia
305,Groenlandia
309,Guadalupe
313,Guam
317,Guatemala
325,Guayana Francesa
327,Guernsey
329,Guinea
331,Guinea Ecuatorial
334,Guinea-Bissau
337,Guyana
341,Haití
343,"Heard y Mc Donald, Islas"
345,Honduras
351,Hong Kong
355,Hungría
361,India
365,Indonesia
369,Irak
372,"Irán, República Islámica de"
375,Irlanda
379,Islandia
383,Israel
386,Italia
391,Jamaica
395,"Johnston, islas"
399,Japón
401,Jersey
403,Jordania
406,Kazajstán
410,Kenia
411,Kiribati
412,Kirguistan
413,Kuwait
420,"Laos, República Popular Democrática"
426,Lesotho
429,Letonia
431,Líbano
434,Liberia
438,Libia
440,Liechtenstein
443,Lituania
445,Luxemburgo
447,Macao
448,Macedonia
450,Madagascar
455,Malasia
458,Malawi
461,Maldivas
464,Mali
467,Malta
468,"Man, Isla"
469,"Marianas del Norte, Islas"
472,"Marshall, Islas"
474,Marruecos
477,Martinica
485,Mauricio
488,Mauritania
489,Mayote
493,México
494,"Micronesia, Estados Federados de"
495,"Midway, islas"
496,"Moldavia, República de"
497,Mongolia
498,Mónaco
500,Montenegro
501,Montserrat
505,Mozambique
507,Namibia
508,Nauru
511,"Navidad (Christmas), Isla"
517,Nepal
521,Nicaragua
525,Níger
528,Nigeria
531,Niue
535,"Norfolk, Islas"
538,Noruega
542,Nueva Caledonia
545,Papua Nueva Guinea
548,Nueva Zelandia
551,Vanuatu
556,Oman
563,"Pacifico, Islas administradas por USA"
566,"Pacifico, Islas del"
573,Países Bajos
576,Pakistán
578,Palau
579,Territorio autónomos de Palestina 
580,Panamá
586,Paraguay
587,"Malasia, Península de"
589,Perú
593,Pitcairn
599,Polinesia Francesa
603,Polonia
607,Portugal
611,Puerto Rico
618,Qatar
620,ZFE Sociedad Puerto Industrial Aguadulce S.A.
621,ZF Internacional del Valle
622,ZFPE FRESENIUS MEDICAL CARE Servicio RENAL
623,ZFP Destilería Riopaila
624,ZFPE Puerto Bahía
625,ZFPE Medical DUARTE
626,ZFPE Sociedad Portuaria Regional de Buenaventura
628,Reino Unido 
629,Escocia
630,ZFP Barranquilla Internacional Terminal company
631,ZFP Palermo
632,ZFP santelka enterprice
633,ZFP Femsa
634,ZFPE SYKES
635,ZFPE Sociedad Portuaria Puerto Nuevo
636,ZFPE Termotasajero
638,ZFPE GETCOM 
640,"Centroafricana, Republica"
644,República Checa
647,República Dominicana 
651,ZF Puerto Mamonal
653,ZF Aceites y Grasas de Catatumbo
660,Reunión
665,Zimbabwe
670,Rumania
675,Ruanda
676,"Rusia, Federación de"
677,"Salomón, Islas"
685,Sahara Occidental
687,Samoa
688,Serbia y Montenegro
690,Samoa Americana
693,San Bartolomé
695,San Cristóbal y Nieves
697,San Marino
698,San Martín (Parte Francesa)
699,San Martín (Parte Holandesa)
700,San Pedro y Miquelon
705,San Vicente y las Granadinas
710,Santa Elena
715,Santa Lucia
720,Santo Tome y Príncipe
728,Senegal
729,Serbia
731,Seychelles
735,Sierra Leona
741,Singapur
744,"Siria, República Árabe"
748,Somalia
750,Sri Lanka
756,Sudáfrica
759,Sudan
760,Sudan del Sur
764,Suecia
767,Suiza
770,Surinam
772,"Svalbard y Jan Mayen, Islas"
773,Swazilandia
774,Tayikistán
776,Tailandia
780,"Tanzania, República Unida de"
783,Djibouti
785,Territorio Palestino Ocupado
786,Antartida
787,Territorio Británico del Océano indico
788,Timor del Este
800,Togo
805,Tokelau
810,Tonga
815,Trinidad y Tobago
820,Túnez
823,"Turcas y Caicos, Islas"
825,Turkmenistán
827,Turquía
828,Tuvalu
830,Ucrania
833,Uganda
840,Unión Soviética
845,Uruguay
847,Uzbekistán
850,Venezuela
855,Viet Nam
858,Viet Nam del Sur
863,"Vírgenes (británicas), Islas"
866,"Vírgenes (de los Estados Unidos), Islas"
870,Fiji
873,"Wake, Islas"
875,"Wallis y Fortuna, Islas"
880,Yemen
881,Yemen Democrático
885,Yugoslavia
888,"Congo, República Democrática del"
890,Zambia
895,Zona del Canal
897,Zona Neutral (Palestina)
900,ZFP Andina
902,ZFPE Gecelca 3
903,ZFPE Cementera del Magdalena Medio
904,ZFPE Extractora la Gloria
905,ZPFE Olmue
907,ZFP Centro Logístico del Pacífico CELPA
911,Zona Franca Barranquilla
912,Zona Franca Buenaventura
913,Zona Franca Palmaseca- Cali
914,Zona Franca Cúcuta
915,Zona Franca Santa Marta
916,Zona Franca Cartagena
917,Zona Franca Rionegro
918,Zona Franca La Candelaria
919,Zona Franca Bogota
920,Zona Franca Pacifico
921,Zona Franca Baru Beach Resort
922,Zona Franca Pozos Colorados
923,Zona Franca Eurocaribe De Indias
924,Zona Franca Quindío (Armenia).
925,Zona Franca Malambo
926,ZFP Agroindustrial Magdalena Medio
927,ZFP de Bienes y Servicios Ciudadela Salud
928,Zona Franca Permanente la Cayena
929,ZFP Internacional del Atlantico
930,Zona Franca Permanente Especial BIO D Facatativa.
931,ZFPE Biocombustible Sostenibles del Caribe
932,ZFPE Maquilagro
933,ZFPE Agroindustrias del Cauca
934,Zf Permanente Parque Ind Dexton.
935,Zona Franca Permanente Especial Argos S.A.
936,Zf Permanente Especial Gyplac Sa
937,Zona Franca Permanente Especial Kcag
938,ZFP Plic
939,ZFP Intexzona
940,ZFP Tayrona
941,ZFP de Uraba
942,ZFPE de Corferias
943,ZFP las Americas
944,ZFPE Ecodiesel
945,ZFPE Contac Center
946,ZFPE Paul Calley
947,Zf Permanente Especial Siemene Manufa
948,Pepsico Alimentos Zf Ltda
949,ZFPE Acerias Paz Del Rio
950,ZFPE de Servicios de Marinilla
951,ZFPE Vidrio Andino
953,ZFPE Refineria de Cartagena
954,ZFP de Occidente
955,ZFPE Sociedad Portuaria de Santa Marta
956,Zona Franca P.E de servicios de Cartagena
957,ZFPE Colombina del Cauca
958,ZFPE Termoflores
959,ZFPE Carvajal pulpa y papel S.A.S
960,ZFP de Tocancipa
961,ZFPE Telemark Spain
962,ZFPE San Vicente de Paul
963,ZFPE Ceramicas San Lorenzo
964,ZFPE papeles del Cauca
965,ZFPE Clinica Portoazul
966,ZFP Santander
967,ZFPE Protisa
968,ZFPE Praxair Gases industriales
969,ZFP Cencauca
970,ZFPE Paspenta
971,ZFPE Renovables
972,ZFPE Econtac
973,ZFPE Clinica Nogales
974,ZFP Metropolitana
975,ZFPE Agrosolera
976,ZFPE Bioenergy
977,ZFP Puerta de Las Americas
978,ZFPE Sociedad Medica de Sabaneta
979,ZFPE Productos Familia Cajica
980,ZFPE Sociedad Portuaria de Barranquilla
981,ZFPE Fosunab
982,ZFPE Alimentos Nariño
983,ZFPE Convergys
984,ZFPE Procesadora de  Aceite Ororojo
985,ZFP Internacional de Pereira
986,ZFPE Clinica Megacentro Pinares
987,ZFP Brisa
988,ZFPE Extractora Loma Fresca
989,ZFP Parque Central
990,ZFPE Agroindustrias Biocafe
991,ZFP Conjunto Industrial Parque Sur
992,ZFPE de Servicios Celta
993,ZFPE Habla Call Center
994,ZFP GEA
996,ZFPE Compañía  Operadora Clinica Hispanoamericana
997,ZFP SurColombiana
998,ZFPE Sociedad Portuaria Regional de Cartagena
999,Países no precisados en otra parte y desconocidos
